"","decimalLongitude","decimalLatitude"
"1",151.21815,-33.927382
"2",151.255902,-33.887956
"3",153.567116,-28.372275
"4",153.352291,-29.076316
"5",150.864716,-33.634369
"6",153.560521,-28.391703
"7",152.827636,-31.628003
"8",151.745959,-32.811506
"9",153.008502,-26.400762
"10",151.443268,-33.42396
"11",153.445457,-28.92813
"13",151.125351,-33.893893
"14",145.006111,-14.957222
"15",153.193054,-30.137004
"16",152.988755,-26.29305
"17",153.459014,-28.931957
"18",153.492067,-28.220344
"19",153.351838,-29.09203
"20",153.474459,-28.594067
"22",153.52658,-28.48505
"23",151.621393,-32.921064
"24",151.804122,-32.813292
"25",152.318889,-32.510278
"26",153.158242,-30.000588
"27",153.190096,-30.042973
"28",150.776075,-23.156756
"29",152.116304,-32.747449
"30",152.094832,-32.771386
"32",153.025609,-28.828636
"33",152.484951,-31.902098
"34",145.85,-18.083333
"35",153.534845,-28.368474
"36",151.212382,-33.832616
"37",151.214683,-33.547021
"38",151.287254,-33.685175
"39",153.432389,-28.974855
"40",153.548626,-28.329095
"41",153.08391,-29.440002
"43",153.070204,-30.396083
"44",153.33519,-29.454707
"45",152.828132,-27.411049
"46",153.532504,-28.302575
"48",151.022428,-33.729855
"50",152.007234,-32.72851
"51",153.560823,-28.285546
"52",152.27446,-32.58705
"53",153.543659,-28.503609
"56",152.968851,-26.795427
"57",151.852855,-32.727247
"58",151.848284,-32.779225
"61",153.115213,-25.963727
"62",152.518964,-32.209581
"63",153.017075,-27.545605
"64",151.474563,-33.212195
"69",151.292264,-33.80981
"70",151.537342,-33.202784
"71",153.525891,-28.80642
"73",152.637603,-31.819113
"75",152.805732,-31.675594
"78",153.113523,-29.030426
"81",150.763642,-34.935397
"82",153.53812,-28.53846
"84",153.218453,-29.230371
"85",151.824981,-32.777953
"86",153.103017,-30.321462
"87",153.58946,-28.66514
"88",151.896348,-25.509249
"90",153.25052,-29.265623
"91",153.494083,-28.168911
"92",152.869528,-31.242456
"94",153.270639,-29.028011
"95",141.776129,-13.373498
"97",152.46155,-32.128703
"98",152.964332,-31.260848
"99",153.53922,-28.60947
"100",152.27586,-32.505469
"103",153.40471,-28.989159
"104",151.029954,-33.979609
"108",150.814132,-34.579292
"110",151.267819,-33.798421
"111",152.39474,-32.38337
"113",152.079285,-32.658251
"114",151.305,-33.516
"115",153.145598,-30.198702
"116",153.383594,-29.069984
"119",153.135005,-29.743422
"120",153.54904,-28.4836
"121",153.016667,-30.6
"122",153.145452,-28.549602
"126",151.755965,-32.799095
"127",152.513949,-32.200892
"128",153.329388,-29.4416
"130",153.537333,-28.261973
"131",152.568218,-31.964659
"133",151.560215,-33.20223
"136",153.427406,-29.107751
"138",153.504087,-28.186413
"140",151.976063,-24.556752
"142",152.585122,-30.970902
"143",153.092728,-27.373403
"144",152.985533,-27.556878
"145",152.715973,-25.846295
"147",153.5417,-28.6029
"149",153.326257,-29.32138
"152",153.556347,-28.428519
"154",153.334397,-29.291125
"155",143.333333,-13.666667
"157",153.073355,-25.973842
"159",151.685517,-32.829532
"161",151.420035,-33.464402
"162",153.167909,-30.192986
"164",153.054718,-28.864119
"169",151.150417,-33.874198
"171",153.35879,-28.975399
"172",152.841667,-25.791667
"173",151.277044,-33.749214
"174",151.199317,-34.022567
"175",153.068763,-30.425261
"176",152.539364,-32.031184
"178",153.055952,-28.88157
"179",153.188148,-30.035545
"180",151.057778,-34.009722
"181",151.419989,-33.343438
"182",152.351716,-32.377881
"186",151.693995,-33.000655
"187",151.465209,-33.292887
"188",153.609415,-28.670685
"190",153.013625,-30.384912
"191",152.793158,-31.719022
"192",151.450798,-33.293041
"194",153.321047,-29.62983
"195",152.876259,-31.243356
"196",153.069331,-29.562018
"198",153.210248,-29.479018
"199",142.366667,-11.116667
"200",151.831885,-32.839906
"201",152.076475,-32.73751
"204",153.261,-29.852
"206",152.069012,-32.754441
"209",152.614477,-31.834489
"213",153.118616,-28.985292
"214",153.449131,-29.037634
"215",153.506219,-28.2494
"216",152.923711,-31.444844
"218",152.921703,-30.719431
"220",151.572667,-33.138043
"223",153.210235,-29.327698
"228",153.593537,-28.837174
"229",150.75843,-33.516766
"230",153.075882,-26.791304
"231",151.922477,-24.252638
"233",153.050874,-29.397648
"236",152.804065,-31.372653
"239",150.754323,-34.493173
"241",153.27486,-29.825935
"242",152.849357,-31.564826
"245",153.069266,-27.029898
"246",151.223012,-23.602033
"247",152.76453,-29.635748
"248",152.248418,-32.536941
"249",152.962309,-30.467955
"250",153.328672,-29.351835
"252",153.136081,-26.761025
"253",152.875093,-31.434592
"256",153.298339,-29.203647
"259",152.873687,-31.466016
"261",151.201519,-33.93729
"268",153.000598,-31.116724
"270",153.1147,-27.484654
"271",152.411667,-25.126944
"272",153.601496,-28.710005
"273",153.076061,-27.323403
"274",152.958737,-31.222765
"276",152.97892,-31.14234
"278",152.313492,-27.522594
"280",152.964785,-30.882043
"281",152.772295,-31.110793
"283",152.91769,-26.9136
"284",152.20366,-32.49619
"285",153.5581,-28.244341
"286",151.374179,-32.665203
"287",153.074388,-30.367168
"288",153.361038,-28.941392
"289",153.302602,-28.848941
"290",151.055229,-33.890332
"291",151.154068,-33.940188
"295",151.153141,-34.084459
"296",152.835174,-31.535931
"297",153.315421,-29.395199
"299",151.017999,-33.805324
"301",153.173778,-29.655874
"302",153.227474,-27.708141
"306",151.710106,-32.989289
"312",143.5,-13.883333
"313",153.259245,-29.536494
"314",153.059783,-27.635814
"315",150.682294,-22.602521
"322",153.458324,-27.615955
"324",153.58093,-28.62802
"325",152.52716,-32.047597
"326",142.585833,-10.7825
"327",152.844984,-31.448833
"328",153.286352,-29.181063
"330",153.226757,-29.01929
"333",153.5293,-28.58324
"335",150.822596,-34.089313
"336",143.183333,-12.716667
"337",152.331973,-32.439151
"338",151.281105,-33.784232
"339",152.493147,-32.112477
"341",152.922365,-30.91607
"346",151.542768,-33.283918
"351",152.833218,-31.608506
"354",151.247868,-33.316994
"356",152.722804,-31.606703
"362",152.785418,-31.642501
"365",152.916317,-26.967831
"371",153.009849,-30.505087
"373",152.793477,-31.539905
"374",150.940293,-33.922451
"375",151.640398,-32.971993
"376",153.279526,-28.865767
"377",152.96022,-31.01629
"380",153.412278,-28.941163
"382",153.378386,-27.919131
"383",151.163624,-33.801474
"385",153.597072,-28.83307
"387",153.07256,-26.52258
"389",152.950672,-26.371327
"393",151.451925,-33.290034
"395",153.125,-25.975
"398",150.796219,-33.80271
"402",153.225626,-29.982061
"405",153.401021,-29.038758
"406",153.283333,-29.766667
"407",153.116127,-29.694164
"410",152.236235,-32.564897
"412",151.296919,-33.713997
"414",152.989802,-26.862798
"415",152.063676,-32.667219
"419",151.184242,-33.885438
"421",145.73,-17
"422",152.954952,-31.243361
"423",152.589729,-25.527091
"433",151.475297,-33.364635
"435",153.03443,-26.216533
"438",151.712133,-32.688042
"441",152.890402,-31.460085
"442",153.201187,-25.337555
"444",152.999885,-31.120252
"447",153.1845,-29.124063
"450",152.944245,-27.061236
"451",151.536544,-33.26229
"453",151.666698,-33.04818
"455",153.549745,-28.847405
"456",153.232484,-29.045735
"457",153.285949,-29.050109
"460",152.801888,-25.375968
"465",153.033794,-30.888415
"466",152.963904,-30.718086
"467",151.251084,-33.932598
"468",153.254453,-29.477343
"471",153.059325,-26.345605
"473",152.456398,-25.725957
"476",152.902517,-30.930683
"477",152.971102,-27.131891
"478",151.583901,-33.164992
"479",152.897881,-31.068067
"481",151.772158,-32.769372
"482",151.956926,-32.705756
"484",153.280423,-27.567046
"485",153.235977,-29.454164
"486",153.395985,-29.175656
"488",153.149953,-29.990643
"492",153.094781,-28.826705
"494",152.944536,-26.427904
"498",150.895769,-33.798549
"499",151.535663,-33.209699
"500",153.379676,-27.965282
"501",153.14465,-29.532932
"503",146.326105,-18.390125
"505",151.636505,-32.929701
"507",151.728592,-33.001306
"508",152.390164,-32.251483
"509",152.19112,-32.43475
"510",153.085245,-30.349911
"511",153.528944,-28.924988
"516",153.459394,-27.490069
"525",153.250273,-29.164103
"528",152.98795,-26.515798
"531",153.433477,-27.935252
"536",152.266664,-24.938058
"537",151.573693,-33.231065
"538",153.083268,-30.321484
"539",141.783333,-12.3
"540",152.981091,-25.884698
"542",153.033333,-27
"543",153.257342,-29.449206
"544",152.403172,-32.450334
"548",151.763203,-32.73601
"553",151.488895,-33.186503
"556",153.381914,-28.319498
"558",151.909637,-32.784138
"559",153.34273,-27.773401
"561",153.005342,-31.000379
"562",150.177947,-35.712105
"563",153.018355,-26.827323
"564",151.101589,-33.733581
"567",151.579594,-33.001327
"574",151.662346,-32.890436
"580",153.580119,-28.769956
"581",152.889341,-31.011106
"582",151.341389,-33.426944
"583",153.043396,-30.88862
"585",153.33324,-29.566299
"589",151.537158,-32.698985
"590",152.725132,-31.634737
"592",153.009047,-27.533681
"593",151.889731,-32.816355
"594",152.741318,-25.336543
"597",150.225581,-22.751553
"602",153.175124,-29.556171
"605",153.077346,-26.795159
"610",153.154292,-29.5758
"617",153.295871,-29.763457
"618",143.316667,-13.733333
"621",152.982522,-30.642167
"632",150.859844,-33.790078
"636",151.096329,-33.835696
"637",153.092724,-26.556736
"651",153.006808,-30.995534
"652",153.066196,-27.557733
"653",151.63683,-33.060906
"658",153.1,-27.5
"664",152.895009,-31.259682
"666",152.93464,-26.935006
"669",153.147614,-27.462003
"670",151.328222,-32.760744
"675",152.82327,-31.424036
"677",145.209435,-15.106806
"678",153.161395,-29.916442
"681",151.364041,-33.502272
"683",152.501229,-32.360505
"685",152.977597,-30.675243
"687",151.092037,-33.78748
"688",145.204766,-37.824228
"689",153.09,-26.47688
"690",153.235717,-29.413036
"692",151.22115,-33.732884
"699",152.825761,-31.474059
"701",152.829475,-31.579792
"705",153.140694,-30.281611
"709",150.664093,-34.762562
"712",152.322586,-27.482258
"717",145.25,-15.5
"726",152.993385,-30.788716
"728",153.196823,-30.121365
"730",150.940869,-34.25173
"731",153.462447,-28.137189
"737",151.149012,-33.665231
"738",153.327114,-29.10962
"739",142.916667,-13.083333
"742",145.678611,-16.787222
"744",145.933333,-17.45
"745",153.154378,-27.590755
"746",145.003641,-37.845786
"750",153.307052,-29.698452
"751",145.2,-15.1
"754",151.901056,-24.248416
"755",152.464259,-32.375283
"757",153.035719,-27.369137
"759",152.931517,-31.070417
"764",152.816667,-31.15
"774",151.518412,-33.128854
"775",152.67826,-25.56012
"776",150.66742,-34.046586
"777",153.364852,-28.847765
"779",151.583865,-33.194394
"782",153.02584,-29.60651
"786",142.359454,-11.173503
"789",153.213571,-29.105038
"791",152.32879,-32.460646
"794",152.761516,-31.339738
"797",145.583333,-16.75
"803",153.101729,-29.410706
"805",145.833333,-17
"806",153.132148,-27.696433
"807",153.088091,-28.708511
"817",152.825197,-31.39284
"818",153.011287,-29.405148
"821",152.7285,-31.4891
"824",151.345657,-33.487072
"827",153.128961,-30.302955
"831",153.115082,-27.018285
"835",151.295896,-33.664892
"840",153.327635,-28.940376
"841",151.276684,-33.654316
"845",144.5,-15.333333
"847",152.784436,-31.698409
"848",152.360552,-32.490989
"850",153.590227,-28.782537
"854",153.462453,-28.872571
"856",153.048939,-27.058178
"858",151.667806,-33.098418
"863",153.176065,-27.573401
"866",153.065614,-29.509788
"869",145.111389,-37.691406
"872",152.96693,-31.195696
"880",151.158889,-33.778056
"882",153.181929,-29.488013
"884",152.855031,-29.849457
"890",146.7827,-19.233933
"892",152.946988,-30.750547
"894",153.149167,-28.993178
"897",152.175009,-32.73635
"908",142.358333,-11.125
"914",153.551484,-28.5421
"919",151.310063,-33.433293
"920",153.477163,-28.911809
"922",152.957906,-30.510925
"925",151.62571,-32.859481
"930",153.008554,-29.634309
"932",152.425834,-32.231515
"935",151.458426,-33.407663
"936",152.964727,-30.924137
"945",152.16092,-32.58668
"947",153.494941,-28.582969
"955",153.440401,-27.109577
"956",152.439545,-32.074321
"960",153.072023,-29.945941
"964",152.867989,-31.027147
"969",153.093,-26.398
"983",152.962825,-26.701718
"990",153.080122,-27.337869
"991",152.29961,-24.891985
"996",146.0261,-17.923461
"1001",153.087159,-26.502477
"1004",152.926327,-31.462291
"1005",153.13315,-27.642181
"1007",141.721667,-12.293333
"1010",150.140947,-35.90099
"1014",153,-26.1
"1016",153.316667,-29.533333
"1017",152.006031,-32.784274
"1021",151.480133,-33.266875
"1022",151.403587,-33.335241
"1023",152.421351,-32.145283
"1024",153.124051,-29.665367
"1027",151.115755,-34.071141
"1028",150.76607,-33.60831
"1032",153.02,-30.2
"1037",152.350275,-24.828315
"1051",152.584534,-25.544521
"1052",153.035807,-28.838008
"1053",151.221867,-33.693915
"1055",145.966667,-18.016667
"1059",153.059371,-29.61834
"1066",153.154507,-29.412426
"1068",152.837733,-31.583758
"1071",152.841627,-31.643937
"1076",152.285,-32.581
"1089",151.107222,-34.025
"1090",152.890618,-29.686837
"1104",145.133333,-15
"1105",150.860034,-33.931833
"1108",152.171182,-32.668624
"1110",153.057374,-26.591302
"1111",153.426302,-29.045593
"1112",152.941086,-27.016767
"1118",150.4858,-23.3205
"1119",152.719677,-25.271412
"1120",152.966948,-30.857735
"1132",152.905059,-30.657614
"1133",151.866667,-32.8
"1137",152.9434,-26.3009
"1139",153.067394,-26.975397
"1141",152.565701,-32.008743
"1143",152.763062,-25.526991
"1146",151.278433,-33.852353
"1150",153.096858,-28.845433
"1160",152.921203,-30.916791
"1177",150.722786,-35.005172
"1178",151.714688,-32.892704
"1179",153.401561,-27.134023
"1182",153,-27.316667
"1183",152.730693,-31.838595
"1184",151.235997,-33.782603
"1185",152.905596,-31.176003
"1187",150.91541,-33.776257
"1190",152.226381,-32.454078
"1193",153.077862,-29.485786
"1195",145.342773,-16.106804
"1198",150.466317,-35.366325
"1202",151.517652,-32.743247
"1204",152.974131,-30.82998
"1207",153.064391,-26.49124
"1210",152.904599,-26.895648
"1211",152.161,-32.55615
"1212",150.683941,-33.781123
"1213",153.176495,-29.964434
"1215",152.872392,-25.612503
"1217",152.894728,-31.503964
"1219",151.941913,-32.658909
"1220",152.775289,-29.770491
"1225",145.2,-15.066667
"1228",153.395221,-27.901826
"1229",153.077802,-26.567126
"1242",151.300945,-33.761555
"1243",153.279542,-28.798766
"1249",152.7667,-27.6167
"1253",152.370575,-27.469483
"1258",150.907938,-34.335601
"1260",152.833333,-26
"1263",153.2,-29.933333
"1265",153.159534,-30.214018
"1267",152.757728,-25.424876
"1275",150.651089,-33.83625
"1277",152.896059,-31.401732
"1278",152.161494,-32.541283
"1280",145.38,-16.63
"1281",153.385105,-29.158422
"1285",153.153087,-29.006017
"1288",152.518592,-32.306779
"1290",153.029076,-26.845387
"1294",153.237757,-29.683252
"1301",152.888471,-31.346289
"1302",152.510329,-32.08692
"1304",151.234633,-33.900528
"1305",153.33355,-29.567591
"1308",153.050307,-26.891175
"1311",152.905287,-25.705756
"1314",142.759451,-11.156834
"1317",152.228374,-32.488931
"1329",152.997778,-30.442222
"1331",152.956712,-29.15312
"1336",153.073604,-25.943289
"1338",146,-18.25
"1351",153.053808,-27.480155
"1352",152.937469,-29.533817
"1355",152.476348,-32.315876
"1357",152.08975,-32.44216
"1360",153.014953,-27.215489
"1364",150.935987,-33.695442
"1369",147.343377,-35.146045
"1372",144.784444,-14.729167
"1374",152.442902,-32.37529
"1377",153.184268,-27.501422
"1381",151.49503,-24.41454
"1382",150.929175,-33.909807
"1384",149.93716,-36.735274
"1386",150.989959,-33.877268
"1393",151.95036,-32.79272
"1399",146.4358,-19.063
"1403",146.809511,-19.279022
"1405",152.84463,-31.145711
"1406",152.972895,-28.686368
"1417",151.076184,-33.834912
"1419",152.961944,-26.743056
"1420",153.010278,-27.613889
"1421",153.207371,-29.388309
"1423",151.374393,-33.386352
"1425",150.387004,-34.119677
"1426",152.908458,-25.929451
"1433",152.83681,-30.988646
"1439",153.098647,-26.72017
"1441",151.145236,-23.547866
"1442",150.813273,-33.610779
"1448",152.714313,-25.299323
"1450",150.829156,-33.744744
"1451",152.992731,-26.773408
"1452",152.137259,-32.667998
"1455",146.0167,-18.1
"1456",153.340448,-29.48538
"1461",152.717541,-31.732287
"1462",152.903433,-29.564844
"1463",153.093555,-27.375983
"1471",152.999535,-27.380067
"1475",153.064726,-27.213233
"1480",153.016667,-25.9
"1493",151.8167,-25.4833
"1497",152.362495,-32.431191
"1499",151.624892,-33.117731
"1511",152.955361,-31.33257
"1518",153.518637,-27.424215
"1519",150.708849,-22.492032
"1524",151.309633,-33.675666
"1525",151.142792,-33.975772
"1532",153.200322,-29.309085
"1533",153.505796,-28.915193
"1534",153.30712,-29.05852
"1537",153.034674,-27.379963
"1541",151.062008,-33.765779
"1542",152.940897,-29.601517
"1547",151.292734,-23.723421
"1559",150.6324,-35.0968
"1561",152.867313,-30.939946
"1562",151.131568,-34.030482
"1564",152.52498,-32.25149
"1567",152.78304,-31.059521
"1580",151.02777,-33.879142
"1583",153.172372,-27.492517
"1586",151.916667,-32.783333
"1594",152.695273,-25.789615
"1598",152.315994,-27.445744
"1600",152.959251,-30.509013
"1601",153.116667,-26.766667
"1605",152.832487,-26.924256
"1608",153.402669,-28.616549
"1617",150.995452,-33.988897
"1619",153.296449,-29.25263
"1622",153.066399,-25.494479
"1631",152.553663,-25.09853
"1632",151.366885,-23.939213
"1634",152.283827,-32.474068
"1640",153.157803,-29.938106
"1642",151.066623,-33.741381
"1650",153.205367,-27.632513
"1657",153.1404,-29.780124
"1661",153.517667,-28.838477
"1663",152.949108,-26.402054
"1665",153.014177,-27.496222
"1666",153.534389,-28.725257
"1683",145.9833,-17.35
"1686",153.420608,-28.334551
"1692",152.67334,-31.877563
"1699",152.956381,-30.864255
"1714",152.29377,-32.56343
"1732",153.053672,-27.735725
"1735",151.452283,-33.249536
"1744",153.261777,-29.377166
"1750",151.664542,-33.039451
"1751",149.587417,-23.805447
"1754",146.148738,-18.655615
"1762",152.12353,-32.50635
"1770",152.66709,-31.874415
"1781",152.969199,-29.619162
"1787",151.190013,-33.655064
"1794",152.1438,-32.64238
"1796",152.888594,-31.087298
"1797",153.493456,-28.370658
"1799",152.868284,-31.389437
"1804",150.767831,-33.965094
"1808",152.994369,-26.256611
"1809",151.132012,-33.721952
"1827",153.133333,-25.25
"1829",151.411363,-33.310175
"1844",152.186618,-32.633142
"1855",153.149564,-27.433946
"1857",152.151127,-32.715082
"1861",153.03572,-27.644113
"1863",153.176066,-27.740069
"1870",153.138685,-27.006908
"1873",152.768485,-25.724632
"1877",153.054593,-25.443346
"1879",151.694053,-32.969352
"1881",152.916001,-26.926214
"1882",151.501144,-33.29842
"1887",152.781829,-31.599007
"1905",153.052222,-26.4175
"1908",152.976438,-26.247912
"1913",152.979612,-27.031638
"1914",153.264503,-27.648465
"1918",150.589133,-34.879763
"1921",151.05205,-33.950854
"1927",153.227483,-29.288851
"1934",153.117509,-29.463121
"1937",150.692519,-34.038646
"1939",151.689747,-32.843361
"1946",153.476721,-28.262013
"1951",142.233333,-11.6
"1952",152.851055,-27.005083
"1954",153.169072,-29.055153
"1958",153.408157,-28.122253
"1974",153.411536,-29.105267
"1976",146.131402,-18.477916
"1988",152.827485,-31.11369
"1991",145.063064,-37.8256
"1993",152.837089,-31.113535
"1998",153.419226,-29.12905
"2001",152.876297,-31.305558
"2002",153.005497,-30.58324
"2005",152.942722,-25.856743
"2010",153.263002,-29.653422
"2014",153,-30.75
"2023",151.84611,-32.837294
"2041",151.806648,-32.673497
"2046",151.131625,-23.622311
"2061",152.865528,-31.304086
"2078",153.349825,-27.940234
"2082",152.992819,-29.475887
"2088",145.217667,-37.983617
"2089",142.459454,-10.956838
"2100",152.95117,-26.555425
"2103",142.257166,-10.151326
"2114",153.460726,-27.51287
"2122",153.173472,-29.60435
"2127",151.500821,-33.033503
"2132",151.148286,-33.696561
"2134",152.82263,-31.2093
"2139",142.742785,-11.340167
"2142",150.71908,-33.700734
"2149",152.717155,-25.57201
"2151",153.115965,-26.702485
"2153",142.45,-10.966667
"2154",152.417722,-25.081747
"2169",151.88189,-24.178975
"2171",153.127945,-27.781634
"2173",153.153987,-27.572937
"2180",143.25,-13
"2181",152.317536,-25.047295
"2186",153.166667,-27.7
"2187",152.942736,-27.30674
"2199",151.178466,-33.728508
"2209",151.091769,-33.690606
"2212",153.176,-29.232987
"2219",151.909072,-32.749108
"2222",152.459392,-25.090081
"2225",153.572857,-28.807114
"2241",150.738205,-34.837704
"2254",153.1,-27.2
"2256",152.837201,-30.74841
"2268",152.961453,-30.582296
"2293",152.7957,-25.592069
"2294",150.75,-22.783333
"2295",151.865483,-26.560732
"2306",149.179168,-21.274166
"2308",150.626072,-22.890088
"2314",152.724905,-31.806665
"2326",153.117958,-26.823381
"2335",151.607449,-32.759829
"2336",151.451146,-33.415087
"2347",152.9195,-29.553642
"2358",152.460762,-25.66947
"2359",152.774449,-29.827761
"2362",153.487349,-28.972386
"2363",146.816667,-19.666667
"2365",151.313387,-33.461779
"2378",142.926119,-11.940165
"2381",153.354308,-28.070039
"2382",153.324936,-28.83276
"2389",152.36676,-24.864609
"2391",145.181371,-37.699459
"2396",152.9609,-31.045228
"2397",153.243686,-29.200805
"2403",153.16579,-29.206356
"2406",153.428488,-28.140454
"2412",153.21925,-29.588145
"2415",152.124444,-25.560278
"2418",152.19044,-32.52696
"2428",153.496262,-28.691401
"2429",153.339552,-29.293143
"2439",144.561289,-14.344146
"2440",153.027467,-27.690106
"2447",150.766275,-34.015214
"2448",152.659387,-25.969506
"2451",153.573879,-28.722351
"2454",146.084244,-37.06118
"2461",153.345464,-28.759907
"2468",151.080969,-32.763324
"2470",152.836046,-26.93523
"2471",153.52848,-28.399163
"2493",153.076061,-27.456736
"2502",152.848889,-27.679167
"2513",151.166667,-33.6
"2514",143.1509218,-12.7153626
"2531",151.4342511,-32.1319578
"2549",142.064483,-11.79825
"2561",153.14061,-27.82538
"2575",145.883333,-17.35
"2576",145.060278,-15.477222
"2577",153.064225,-27.109322
"2587",142.4,-10.883333
"2593",150.591943,-34.81347
"2603",153.197957,-29.534253
"2617",153.373577,-27.915105
"2619",150.756667,-23.166667
"2633",153.061667,-25.897222
"2634",152.494057,-32.075759
"2637",153.367381,-28.339759
"2648",152.943161,-29.705397
"2649",152.711057,-25.879799
"2662",152.61383,-25.148134
"2665",153.526065,-28.418554
"2669",153.029151,-26.562045
"2680",151.47915,-33.13551
"2684",152.195,-32.624
"2690",151.484761,-33.099245
"2700",152.886453,-30.963813
"2701",151.097755,-34.10253
"2702",152.685797,-25.527091
"2703",153.379152,-29.212709
"2712",152.927261,-27.581047
"2713",142.783333,-11.166667
"2721",153,-31.083333
"2731",152.622443,-31.781785
"2741",152.964657,-29.551427
"2745",151.638744,-33.116258
"2746",151.581541,-32.987722
"2747",151.51856,-32.992768
"2749",153.135081,-29.611196
"2758",151.24114,-33.84425
"2763",152.725393,-31.423793
"2766",153.102525,-27.562922
"2767",152.203478,-32.415858
"2774",150.877958,-33.851972
"2776",153.032715,-25.411172
"2779",141.583333,-14.75
"2781",151.717394,-32.944018
"2800",153.08373,-29.222139
"2803",150.893601,-33.653833
"2811",145.183333,-15.633333
"2812",151.818621,-32.666412
"2814",152.960459,-29.54148
"2827",153.434432,-28.309612
"2830",153.211436,-29.575899
"2832",151.59455,-33.010025
"2851",153.076786,-25.640322
"2860",153.415414,-27.30073
"2861",151.994114,-24.523973
"2864",152.929139,-30.700889
"2867",145.6383,-16.85
"2870",150.65372,-35.012877
"2874",153.023539,-30.946816
"2878",151.743899,-32.776189
"2880",152.807574,-29.822304
"2884",152.698834,-25.810632
"2903",152.820447,-29.837677
"2916",153.501902,-28.959598
"2921",151.1,-33.8
"2923",152.773735,-26.980408
"2926",152.432291,-31.875812
"2927",142.6,-12.766667
"2933",153.17775,-27.58427
"2942",145.7,-17.45
"2944",152.468315,-31.946455
"2951",142.207812,-10.176288
"2955",152.9867,-26.3641
"2958",152.63826,-25.676055
"2959",153.553294,-28.207893
"2963",151.50308,-33.097243
"2965",151.175513,-23.613422
"2972",153.183034,-29.189159
"2978",150.94392,-33.866635
"2983",152.957803,-31.032179
"2984",145.412485,-16.326193
"2986",142.413889,-11.383611
"2999",152.644371,-31.862137
"3002",149.453933,-24.009642
"3008",150.961735,-33.813907
"3014",152.820267,-30.996808
"3016",151.377734,-33.380085
"3020",152.8554,-26.4385
"3041",153.126061,-27.390069
"3043",151.176553,-33.70612
"3050",150.78489,-34.54728
"3051",152.86809,-31.083027
"3053",142.316667,-10.966667
"3055",151.597342,-32.997207
"3057",153.430587,-27.488353
"3063",152.131211,-27.518689
"3072",150.734326,-34.295269
"3086",142.509454,-12.523496
"3090",145.483333,-16.666667
"3094",150.88612,-33.96836
"3103",152.853272,-26.372769
"3104",152.951285,-28.989407
"3106",152.939562,-27.746764
"3109",151.779636,-32.907842
"3111",153.376061,-27.123403
"3128",144.227995,-37.063057
"3135",153.335313,-27.985274
"3137",152.760046,-25.320235
"3143",152.657542,-25.836488
"3149",152.81084,-29.158055
"3152",152.780452,-31.736026
"3157",152.414426,-32.128968
"3161",152.788547,-25.367288
"3163",153.130603,-25.456408
"3173",151.416239,-33.492254
"3175",153.127145,-25.508866
"3176",151.167736,-23.631755
"3178",152.693315,-25.697987
"3189",150.763849,-22.642865
"3190",153.001072,-26.471643
"3191",152.175372,-32.580749
"3192",153.101339,-29.619226
"3193",153.085701,-29.114641
"3197",152.219004,-32.388921
"3201",153.0008506,-25.4986191
"3203",146.339444,-18.992222
"3233",151.1765,-33.868693
"3236",153.071316,-28.761884
"3239",153.186679,-29.878803
"3242",152.95,-26.85
"3248",145.25,-15.4667
"3254",152.794322,-31.001632
"3261",153.083953,-27.64938
"3268",152.55843,-25.717024
"3291",150.920122,-34.319465
"3305",144.459443,-14.356815
"3314",153.250094,-27.532371
"3324",153.282596,-29.341103
"3327",152.489443,-32.350607
"3336",152.501115,-32.165078
"3345",152.90801,-26.432093
"3348",152.406888,-25.09397
"3350",143.233333,-12.75
"3356",152.995208,-27.663211
"3359",152.922401,-30.663321
"3360",153.07116,-25.54612
"3366",152.313834,-24.994248
"3399",152.114973,-32.666832
"3401",152.442722,-24.990082
"3404",150.845131,-33.989385
"3407",150.7836,-23.2172
"3416",153.083333,-30.05
"3419",150.81264,-33.78678
"3420",153.01489,-30.486901
"3424",150.794872,-34.008691
"3427",151.210235,-23.537033
"3435",153.023894,-29.499949
"3449",153.106058,-26.876545
"3450",151.501769,-33.083021
"3455",153.151647,-27.534122
"3467",152.998092,-26.4092
"3483",151.933412,-32.573164
"3484",152.783333,-31.333333
"3489",150.574569,-33.70198
"3502",151.028347,-33.704921
"3506",153.216667,-27.516667
"3507",152.765761,-30.956847
"3518",150.977953,-33.951799
"3524",151.489408,-33.074854
"3527",152.9534,-26.2829
"3537",153.269172,-28.994237
"3550",152.963252,-31.314076
"3553",151.651511,-32.766254
"3559",152.54141,-25.715883
"3563",151.638,-32.793
"3565",152.7008962,-31.6319496
"3568",152.90869,-30.911874
"3585",150.534438,-33.68748
"3588",153.001057,-26.365073
"3591",152.991562,-27.540874
"3593",152.716021,-25.583748
"3621",150.887266,-33.686799
"3629",141.963036,-12.533609
"3633",153.251789,-29.105501
"3635",152.894278,-27.013429
"3639",152.992678,-30.61107
"3647",152.814138,-29.790356
"3651",145.366667,-16.366667
"3654",153,-26
"3659",152.695647,-25.263412
"3668",151.153228,-34.057551
"3669",143.101972,-13.825667
"3678",150.56076,-34.275304
"3681",151.499663,-33.01779
"3687",152.38402,-32.463
"3696",142.321679,-10.203897
"3697",151.966652,-32.692831
"3706",152.989517,-27.619089
"3710",153.039336,-26.048457
"3719",151.737906,-32.661211
"3726",153.215829,-28.587579
"3730",153.149678,-29.478676
"3737",153.078229,-29.219403
"3747",151.410674,-33.420156
"3748",153.075497,-26.047851
"3759",153.374293,-29.031169
"3760",149.902194,-36.909444
"3765",153.171214,-29.428496
"3783",151.035568,-33.917575
"3790",145.75,-16.933333
"3793",150.594376,-34.736668
"3797",145.417387,-16.22123
"3801",142.146905,-10.163937
"3808",151.251822,-33.961573
"3821",153.049428,-26.651775
"3828",150.964905,-33.758877
"3830",150.745834,-34.03957
"3834",145.3,-15.583333
"3874",145.392773,-16.290137
"3875",141.809457,-12.306836
"3882",153.080936,-29.740848
"3898",152.348148,-31.867945
"3909",153.172169,-28.724224
"3924",152.442778,-24.804167
"3942",145.192769,-15.140139
"3943",152.802445,-25.296208
"3953",152.705224,-25.865077
"3956",150.868906,-34.400001
"3957",142.633333,-12.466667
"3965",153.041494,-26.775068
"3967",153.001336,-30.664761
"3971",150.86774,-23.515089
"3984",151.985882,-32.787919
"3997",153.06533,-26.233333
"3998",153.32392,-27.980347
"3999",152.643652,-31.896876
"4001",151.753651,-32.949029
"4003",153.011203,-27.184712
"4006",153.311616,-27.926358
"4015",153.304761,-29.624453
"4025",151.534198,-32.828263
"4035",152.816667,-25.766667
"4039",153.365293,-29.220871
"4041",153.078504,-29.422446
"4055",153.230278,-28.763431
"4064",153.306749,-28.964199
"4074",150.691383,-22.802035
"4076",153.242733,-27.873401
"4077",153.092041,-30.381541
"4078",149.209416,-21.156767
"4082",152.786,-26.3653
"4091",143.10945,-12.756827
"4092",152.908042,-25.78166
"4121",153.277141,-27.837749
"4131",153.066151,-26.733165
"4132",153.531551,-28.687064
"4149",145.173611,-15.487222
"4151",153.089004,-25.591961
"4165",153.024752,-26.666986
"4166",153.107074,-29.553563
"4174",153.068516,-27.585156
"4198",152.902997,-28.769252
"4207",145.7508,-16.9011
"4216",151.574113,-32.773373
"4222",151.9667,-32.4667
"4228",150.949289,-33.717529
"4231",152.9,-27.6
"4243",152.78937,-31.502475
"4258",153.440799,-27.03238
"4259",153.239773,-29.366629
"4270",153.088122,-26.583857
"4276",153.124371,-29.160624
"4281",152.688028,-31.751739
"4294",153.149321,-28.394323
"4306",153.079167,-26.706944
"4313",152.694428,-31.727506
"4324",145.199647,-37.976937
"4328",142.566667,-10.766667
"4337",153.45,-27.57
"4338",152.51522,-25.031191
"4355",151.244919,-33.336694
"4370",153.11809,-27.084858
"4371",145.083333,-15.116667
"4372",151.92785,-24.400208
"4389",152.2667,-25.2167
"4418",152.396187,-32.092241
"4426",145.7,-16.9
"4429",153.246485,-29.746095
"4433",152.117332,-32.665095
"4442",151.612596,-32.8049
"4461",152.916667,-25.933333
"4475",142.333333,-16.083333
"4476",151.444417,-33.078005
"4487",152.57,-25.27
"4489",152.745114,-31.0668
"4495",153.4167,-27.9667
"4499",145.876101,-16.923467
"4520",142.230786,-10.169239
"4555",153.0054,-26.4312
"4571",151.925426,-32.747148
"4591",146.7294,-19.35035
"4610",152.907707,-31.145583
"4623",152.9092191,-30.7319479
"4646",153.311868,-29.246277
"4660",152.984337,-26.483398
"4667",152.401093,-32.238202
"4668",145.25,-16.083333
"4686",143.661667,-14.229444
"4687",150.803004,-33.513185
"4707",152.428926,-31.918962
"4712",152.9499,-26.222
"4718",152.9092,-26.2855
"4732",152.209084,-32.616568
"4735",153.34517,-29.356306
"4745",153.426704,-28.463391
"4746",141.842795,-13.323498
"4755",152.931701,-31.13495
"4787",150.582906,-34.825122
"4811",143.316667,-13.783333
"4816",153.071124,-27.408472
"4819",152.772818,-25.632477
"4837",150.4667,-23.3667
"4842",150.984233,-33.725455
"4848",152.96933,-26.008125
"4871",146.033333,-18.033333
"4881",153.4,-27.1667
"4891",151.701382,-32.883949
"4898",153.158495,-30.04247
"4917",143.019889,-13.122528
"4934",145.34577,-15.886855
"4951",144.600116,-14.696887
"4955",153.15963,-28.858611
"4969",152.587778,-31.961944
"4972",150.839375,-34.425561
"4979",152.8142,-31.051678
"4981",145.24277,-15.973472
"4990",153.08375,-27.610935
"5007",146.1,-18.816667
"5008",150.271074,-22.758385
"5011",153.210752,-28.919817
"5041",152.825653,-29.52181
"5044",152.125721,-32.753666
"5086",152.723333,-31.773924
"5111",152.863152,-25.667057
"5112",152.43103,-32.17873
"5120",153.407212,-27.493912
"5141",153.040483,-29.575604
"5146",152.759225,-25.274365
"5148",151.167736,-23.581755
"5155",152.947973,-25.771165
"5174",150.579775,-34.207204
"5198",145.041667,-14.998889
"5203",151.161347,-23.539811
"5211",153.09323,-26.009579
"5213",150.818986,-34.429425
"5230",150.822605,-33.957774
"5234",152.416667,-25.15
"5235",153.238667,-27.551125
"5242",150.701032,-22.56525
"5258",150.718015,-22.566755
"5261",153.008457,-29.016881
"5266",152.448914,-32.094107
"5295",151.083333,-25.616667
"5300",145.283333,-15.316667
"5308",146.0166,-17.8635
"5315",144.45,-15.57
"5319",153.219615,-29.895367
"5326",152.635475,-25.442037
"5330",152.895205,-30.667157
"5332",143.210787,-12.732378
"5349",146.033333,-17.716667
"5366",151.961274,-32.569077
"5367",146,-19.916667
"5374",152.958727,-27.703225
"5384",151.124955,-33.639933
"5387",152.7071,-31.452773
"5391",151.972946,-27.609383
"5424",153.117825,-30.28186
"5449",146.043328,-17.942628
"5455",152.339456,-32.515636
"5461",142.382862,-11.02647
"5466",152.955867,-26.81911
"5469",153.26715,-27.672579
"5475",153.205662,-29.808165
"5498",152.872063,-25.898465
"5507",153.575607,-28.705195
"5510",150.50608,-23.249543
"5511",151.528525,-32.159662
"5521",152.659722,-25.283042
"5524",150.691376,-34.869217
"5534",151.243608,-33.982656
"5537",152.809143,-31.295372
"5543",150.792742,-23.340089
"5560",152.571577,-31.93247
"5562",153.092724,-26.656736
"5575",153.237874,-29.949267
"5630",152.59749,-25.75744
"5637",151.400511,-32.708497
"5640",152.727334,-30.197586
"5644",145.25,-15.733333
"5658",152.928029,-31.371384
"5670",151.111626,-23.507311
"5677",153.066667,-27.183333
"5679",151.551746,-24.406594
"5702",152.209392,-25.156748
"5703",152.543567,-32.220985
"5762",152.834352,-26.998591
"5771",152.960008,-28.976141
"5784",153.297583,-27.649775
"5793",153.175467,-29.373108
"5796",151.080746,-33.823319
"5819",153.344954,-27.823401
"5836",153.272949,-24.913452
"5865",151.834843,-32.649175
"5885",150.794323,-34.206549
"5897",152.851037,-25.773148
"5900",152.850288,-25.664773
"5904",152.55171,-25.43602
"5911",153.215225,-30.000028
"5916",150.709126,-33.77525
"5919",150.861114,-34.538839
"5931",149.03956,-34.992152
"5944",153.030348,-26.19132
"5961",152.648834,-25.713689
"5969",152.95,-30.35
"5978",153.150377,-27.712487
"6012",153.227618,-27.708887
"6019",150.187304,-35.697877
"6022",142.664167,-11.953889
"6040",152.834604,-31.205693
"6071",152.51468,-25.14255
"6074",145.326633,-16.635615
"6075",151.015409,-33.666535
"6080",141.75,-13.066667
"6104",151.084806,-33.939861
"6108",153.127801,-27.079218
"6114",152.906518,-25.870856
"6120",151.223357,-33.650745
"6123",152.375556,-25.592778
"6141",145.159164,-37.917358
"6145",152.956857,-27.36637
"6147",150.592749,-33.873502
"6151",152.347503,-25.043708
"6153",153.079969,-26.401911
"6162",152.454638,-32.290326
"6179",152.320913,-25.571071
"6191",150.57797,-34.854757
"6204",152.526051,-25.106744
"6226",152.863972,-28.901284
"6229",151.216378,-24.158441
"6237",150.63106,-33.769769
"6243",153.010687,-29.801308
"6248",153.493467,-27.420761
"6251",152.869167,-25.847778
"6257",153.426061,-27.323403
"6265",150.747697,-33.614055
"6274",150.886311,-34.417727
"6292",151.09612,-33.9798
"6302",145.153889,-15.064722
"6319",151.525428,-32.775175
"6331",151.04099,-33.85028
"6348",153.036869,-26.655724
"6358",153.1167,-29.3667
"6373",153.092728,-27.423403
"6386",152.76,-26.916111
"6393",152.919579,-29.733822
"6417",151.138569,-23.6462
"6424",151.961625,-32.799419
"6428",145.741096,-37.383378
"6456",152.47133,-25.311455
"6459",151.009848,-34.084687
"6481",152.984901,-28.762435
"6503",152.240533,-24.685351
"6519",153,-26.283333
"6520",142.376121,-11.123503
"6524",150.980766,-34.154709
"6533",153.100737,-25.956392
"6556",152.759727,-25.76238
"6557",152.641827,-25.648333
"6581",152.768001,-26.947036
"6586",153.112454,-27.75729
"6598",150.896659,-32.276306
"6612",150.7375,-22.783056
"6619",150.887488,-34.416033
"6624",142.666667,-11.166667
"6628",152.396789,-25.703849
"6630",145.441783,-16.172349
"6647",150.513245,-23.431289
"6680",152.531701,-31.784394
"6696",153.181625,-29.148392
"6701",150.791229,-33.633264
"6715",153.422566,-28.914348
"6728",151.093005,-33.902238
"6757",150.717743,-23.109534
"6778",150.910865,-33.530005
"6787",151.98601,-32.733978
"6813",144.944912,-37.748841
"6815",153.311537,-29.146212
"6825",152.209401,-26.156746
"6827",152.683,-25.747854
"6841",152.64788,-25.75236
"6863",152.966923,-29.149666
"6869",153.369342,-28.913985
"6899",150.818472,-33.647055
"6915",152.183333,-25.583333
"6937",152.908401,-28.636645
"6941",152.838563,-25.578957
"6961",146.3342382,-19.3986611
"6963",153.01166,-25.924514
"6972",151.842727,-24.173419
"6973",153.455195,-28.528784
"6975",152.6,-31.82
"6981",153.15,-29.8
"6996",153.325929,-29.461048
"7004",152.9,-30.45
"7030",153.041371,-30.243836
"7049",150.303311,-33.727406
"7053",151.376067,-23.956755
"7057",151.616667,-24.116667
"7075",153.123134,-29.501031
"7086",151.261212,-23.920445
"7098",142.222648,-10.160589
"7116",152.340385,-32.184585
"7164",151.167108,-33.812453
"7219",150.400521,-22.567867
"7235",150.292748,-22.873424
"7237",151.005203,-33.592455
"7242",153.12526,-26.799306
"7243",150.970005,-34.18104
"7247",152.455776,-25.033692
"7253",152.547291,-31.835846
"7257",150.463439,-33.736978
"7279",152.701102,-31.615076
"7312",151.549627,-32.713177
"7333",152.552269,-25.234718
"7346",153.176045,-25.256739
"7371",152.946013,-29.631663
"7373",153,-28.966667
"7377",152.6784,-25.49071
"7383",152.580376,-25.543304
"7386",151.592736,-32.894081
"7388",152.841922,-25.436089
"7405",143.133333,-12.766667
"7418",152.2691,-24.8288
"7444",153.046449,-26.033256
"7477",153.0342151,-30.4319471
"7502",142.1775,-12.363056
"7519",150.67032,-22.83672
"7580",150.709405,-22.590088
"7585",153.043679,-29.17464
"7602",152.661114,-25.503805
"7605",153.05083,-25.515046
"7626",153.041717,-27.265611
"7647",153.264265,-28.878727
"7652",152.942149,-30.469205
"7653",153.413558,-28.051189
"7661",152.8947,-26.2333
"7701",153.074699,-29.659405
"7709",152.57446,-25.16362
"7722",150.627944,-33.730339
"7726",153.11494,-28.56111
"7733",151.261345,-23.670921
"7745",153.057418,-27.693092
"7750",151.701109,-32.68261
"7802",153.040375,-26.612862
"7819",151.223889,-23.738333
"7850",152.495632,-32.180396
"7851",152.613006,-25.48177
"7864",152.99707,-27.17755
"7866",152.896969,-27.277895
"7867",145.770149,-18.723649
"7885",152.961389,-26.654722
"7906",151.749453,-32.834317
"7922",152.726433,-25.81946
"7993",152.049829,-24.968251
"8008",152.845985,-27.65941
"8026",152.12993,-26.87028
"8056",152.530556,-26.097056
"8069",152.633463,-25.207257
"8074",150.911993,-33.73679
"8076",150.717743,-23.398422
"8082",146.0167,-17.35
"8136",145.908387,-18.059905
"8152",143.342786,-13.740156
"8179",150.718533,-33.863911
"8207",151.797733,-32.726893
"8218",145.194624,-38.318193
"8229",152.403833,-25.079525
"8240",145.25,-15.75
"8285",150.876075,-23.490089
"8287",152.989623,-27.11593
"8296",151.330249,-33.256554
"8297",152.422188,-27.255077
"8315",152.96745,-26.437083
"8347",151.564268,-33.10333
"8353",145.326106,-16.140137
"8354",153.424079,-27.146739
"8413",151.214679,-23.630922
"8435",142.368917,-10.981083
"8446",141.833333,-13.316667
"8494",150.90393,-33.920972
"8509",151.8167,-24.1167
"8517",153.005255,-25.985572
"8525",153.076465,-25.597717
"8533",152.830278,-27.080278
"8542",151.455556,-32.703889
"8549",150.590955,-34.872238
"8554",153.547839,-28.892491
"8556",148.733333,-20.466667
"8559",150.733439,-34.508996
"8584",145.113057,-17.675703
"8586",151.961385,-32.653334
"8602",152.533335,-31.897812
"8608",152.34056,-32.37148
"8619",153.015411,-27.452633
"8698",150.7897,-34.2019
"8719",151.447149,-33.180838
"8761",152.978001,-27.06542
"8763",144.583333,-14.683333
"8766",152.585616,-27.295799
"8785",152.795603,-29.572804
"8790",152.806087,-25.358865
"8798",152.727775,-25.724762
"8846",152.335913,-27.446221
"8870",153.124825,-29.750971
"8872",150.807778,-33.553289
"8929",153.35828,-28.09207
"8937",153.480201,-28.646005
"8999",150.674131,-23.212033
"9003",152.940803,-27.088382
"9007",150.971224,-34.053997
"9015",145.483078,-17.255573
"9018",146.016667,-17.966667
"9041",151.918473,-24.23355
"9048",146.918639,-19.342778
"9056",152.94065,-27.16337
"9083",153.276153,-29.550059
"9102",152.942016,-31.180711
"9113",153.083333,-30.266667
"9125",150.816617,-34.616815
"9138",152.791743,-25.80207
"9145",151.204551,-33.769599
"9150",153.010388,-25.452546
"9160",152.484486,-32.254212
"9179",146.042763,-17.373462
"9180",151.388898,-33.286546
"9209",150.985689,-33.383397
"9234",145.136667,-16.528333
"9237",152.757526,-25.403561
"9255",145.333333,-16.066667
"9302",148.703746,-20.272919
"9312",150.952619,-33.789241
"9334",152.938816,-27.484632
"9338",153.164499,-29.275747
"9339",152.784585,-29.838026
"9367",144.416667,-14.45
"9376",153.441667,-28.075
"9411",153.274443,-29.219027
"9426",153.277153,-24.924239
"9509",144.126112,-14.506813
"9519",143.1,-20.25
"9531",152.920755,-27.625547
"9604",145.009436,-15.290139
